solver,feature,task,matrix,structure,n,nnz,T,nrhs,nbatch,analysis_s,factorization_s,refactorization_s,solve_s,analysis_min_s,factorization_min_s,refactorization_min_s,solve_min_s,lu_nnz,flops,nsuperpanels,relres,samples,status,device,version,git_sha,date
sds,cholesky_f64,T13,Boeing/bcsstk38,SPD,8032,355460,Float64,1,1,0.120552143,0.027352636,0.027368117,0.002670297,0.120377661,0.02732593,0.027353798,0.002665236,804613,1.40793119e8,604,9.256449560312438e-11,5,ok,Quadro GV100,0.1.0,8a452f0+dirty,2026-10-09
sds,cholesky_f64,T13,GHS_psdef/apache2,SPD,715176,4817870,Float64,1,1,13.182377305,0.762535062,0.751876987,0.0868015235,13.177971507,0.750580889,0.751450807,0.086605455,129200941,1.66491403722e11,123689,1.5722430494202702e-10,5,ok,Quadro GV100,0.1.0,8a452f0+dirty,2026-10-09
sds,cholesky_f64,T13,HB/bcsstk17,SPD,10974,428650,Float64,1,1,0.150839113,0.03069238,0.030671192,0.004945988,0.150087154,0.030682034,0.030656582,0.004936868,1043601,1.6795197e8,1300,3.879533234176818e-11,5,ok,Quadro GV100,0.1.0,8a452f0+dirty,2026-10-09
sds,cholesky_f64,T13,kkt_pglib_opf_case118_ieee_condensed_1,SPD,1088,12860,Float64,1,1,0.010606828,0.001156095,0.001143098,0.001279769,0.010569375,0.001150362,0.001136232,0.001198555,11634,219042.0,303,5.222025477933645e-5,5,ok,Quadro GV100,0.1.0,8a452f0+dirty,2026-10-09
sds,cholesky_f64,T13,kkt_pglib_opf_case118_ieee_condensed_10,SPD,1088,12860,Float64,1,1,0.01060236,0.001146235,0.001130388,0.001350593,0.010583828,0.001139243,0.001125229,0.001247264,11634,219042.0,303,1.1226840171824022e-5,5,ok,Quadro GV100,0.1.0,8a452f0+dirty,2026-10-09
sds,cholesky_f64,T13,kkt_pglib_opf_case118_ieee_condensed_20,SPD,1088,12860,Float64,1,1,0.010806016,0.00113675,0.001127652,0.001267871,0.010793754,0.001134056,0.001121926,0.001236722,11634,219042.0,303,0.04550257439586628,5,ok,Quadro GV100,0.1.0,8a452f0+dirty,2026-10-09
sds,cholesky_f64,T13,kkt_pglib_opf_case1354_pegase_condensed_1,SPD,11192,136724,Float64,1,1,0.121499416,0.003891132,0.003860202,0.0017117,0.121257144,0.003874857,0.003853298,0.001646812,120598,2.787739e6,3134,0.00027950947524883757,5,ok,Quadro GV100,0.1.0,8a452f0+dirty,2026-10-09
sds,cholesky_f64,T13,kkt_pglib_opf_case1354_pegase_condensed_10,SPD,11192,136724,Float64,1,1,0.121058902,0.003870154,0.003834331,0.001625535,0.120834869,0.003860384,0.00383257,0.001586506,120598,2.787739e6,3134,9.670379220068758e-5,5,ok,Quadro GV100,0.1.0,8a452f0+dirty,2026-10-09
sds,cholesky_f64,T13,kkt_pglib_opf_case1354_pegase_condensed_20,SPD,11192,136724,Float64,1,1,0.121779,0.003852464,0.003841462,0.001761983,0.120841167,0.003847468,0.003830444,0.001591176,120598,2.787739e6,3134,5.0320897327844414e-5,5,ok,Quadro GV100,0.1.0,8a452f0+dirty,2026-10-09
sds,cholesky_f64,T13,kkt_pglib_opf_case14_ieee_condensed_1,SPD,118,1282,Float64,1,1,0.001371058,0.000409174,0.000414341,0.000650187,0.001366171,0.000402977,0.000397114,0.000626933,1027,15193.0,33,1.3024460439372e-6,5,ok,Quadro GV100,0.1.0,8a452f0+dirty,2026-10-09
sds,cholesky_f64,T13,kkt_pglib_opf_case14_ieee_condensed_10,SPD,118,1282,Float64,1,1,0.001403775,0.000414988,0.000399576,0.000664279,0.001375632,0.00040834,0.000383617,0.00065606,1027,15193.0,33,7.849096497706581e-5,5,ok,Quadro GV100,0.1.0,8a452f0+dirty,2026-10-09
sds,cholesky_f64,T13,kkt_pglib_opf_case14_ieee_condensed_11,SPD,118,1282,Float64,1,1,0.001392112,0.000401451,0.000384428,0.000660541,0.001385388,0.000379083,0.00036729,0.000640335,1027,15193.0,33,9.566132794313988e-6,5,ok,Quadro GV100,0.1.0,8a452f0+dirty,2026-10-09
sds,cholesky_f64,T13,kkt_pglib_opf_case78484_epigrids_condensed_1,SPD,674562,7936414,Float64,1,1,11.39592042,0.167181721,0.167000827,0.018278896,11.379577478,0.16708902,0.166939561,0.018175981,13229878,1.460147624e9,92878,0.1408833643782678,5,ok,Quadro GV100,0.1.0,8a452f0+dirty,2026-10-09
sds,cholesky_f64,T13,kkt_pglib_opf_case78484_epigrids_condensed_10,SPD,674562,7936414,Float64,1,1,11.561199556,0.166808538,0.166588513,0.018236268,11.493055784,0.166705359,0.166530652,0.018148033,13229878,1.460147624e9,92878,0.014721495527528015,5,ok,Quadro GV100,0.1.0,8a452f0+dirty,2026-10-09
sds,cholesky_f64,T13,lap2d_300,SPD,90000,448800,Float64,1,1,0.786551701,0.033677439,0.033642062,0.005122703,0.782576703,0.033660191,0.033608611,0.005105254,2465905,3.73611053e8,20495,1.7636637752817264e-12,5,ok,Quadro GV100,0.1.0,8a452f0+dirty,2026-10-09
sds,cholesky_f64,T13,lap3d_40,SPD,64000,438400,Float64,1,1,0.904454186,0.302910217,0.302992142,0.017475988,0.903884596,0.302857127,0.302913604,0.017440669,14387160,1.6401480134e10,11066,7.331775892090179e-14,5,ok,Quadro GV100,0.1.0,8a452f0+dirty,2026-10-09
sds,cholesky_nrhs16,T12,Boeing/bcsstk38,SPD,8032,355460,Float64,16,1,0.120165413,0.027372073,0.027362566,0.003225435,0.119892154,0.027348462,0.027358886,0.003207286,804613,1.40793119e8,604,1.7152744268072052e-10,5,ok,Quadro GV100,0.1.0,8a452f0+dirty,2026-10-09
sds,cholesky_nrhs16,T12,GHS_psdef/apache2,SPD,715176,4817870,Float64,16,1,13.106805662,0.750245755,0.750782279,0.1757323445,13.030285961,0.749551966,0.750308348,0.17567332,129200941,1.66491403722e11,123689,1.5328573062454928e-10,5,ok,Quadro GV100,0.1.0,8a452f0+dirty,2026-10-09
sds,cholesky_nrhs16,T12,HB/bcsstk17,SPD,10974,428650,Float64,16,1,0.150627255,0.030749535,0.030692929,0.005856249,0.149754479,0.030719154,0.030656329,0.005852641,1043601,1.6795197e8,1300,5.569372145755773e-11,5,ok,Quadro GV100,0.1.0,8a452f0+dirty,2026-10-09
sds,cholesky_nrhs16,T12,kkt_pglib_opf_case118_ieee_condensed_1,SPD,1088,12860,Float64,16,1,0.010618159,0.001161781,0.001143779,0.001362515,0.010570918,0.001154351,0.001142774,0.001330248,11634,219042.0,303,0.00010755450830763632,5,ok,Quadro GV100,0.1.0,8a452f0+dirty,2026-10-09
sds,cholesky_nrhs16,T12,kkt_pglib_opf_case118_ieee_condensed_10,SPD,1088,12860,Float64,16,1,0.010589889,0.001141448,0.001130113,0.001384478,0.01057038,0.001135931,0.001125284,0.001315917,11634,219042.0,303,1.686504924342648e-5,5,ok,Quadro GV100,0.1.0,8a452f0+dirty,2026-10-09
sds,cholesky_nrhs16,T12,kkt_pglib_opf_case118_ieee_condensed_20,SPD,1088,12860,Float64,16,1,0.010714106,0.001146878,0.001130957,0.001369345,0.010709696,0.001142023,0.001125448,0.001280475,11634,219042.0,303,0.08353519383870289,5,ok,Quadro GV100,0.1.0,8a452f0+dirty,2026-10-09
sds,cholesky_nrhs16,T12,kkt_pglib_opf_case1354_pegase_condensed_1,SPD,11192,136724,Float64,16,1,0.120869361,0.003899001,0.00386239,0.001885509,0.120707173,0.003890023,0.003858145,0.001884123,120598,2.787739e6,3134,0.000290839088756989,5,ok,Quadro GV100,0.1.0,8a452f0+dirty,2026-10-09
sds,cholesky_nrhs16,T12,kkt_pglib_opf_case1354_pegase_condensed_10,SPD,11192,136724,Float64,16,1,0.120946362,0.003881252,0.003839912,0.001888608,0.120659073,0.003876482,0.003828834,0.001885673,120598,2.787739e6,3134,0.00011395735370074328,5,ok,Quadro GV100,0.1.0,8a452f0+dirty,2026-10-09
sds,cholesky_nrhs16,T12,kkt_pglib_opf_case1354_pegase_condensed_20,SPD,11192,136724,Float64,16,1,0.124067041,0.003869651,0.003838629,0.001895083,0.120721603,0.003865359,0.003829064,0.001893634,120598,2.787739e6,3134,6.469766480530265e-5,5,ok,Quadro GV100,0.1.0,8a452f0+dirty,2026-10-09
sds,cholesky_nrhs16,T12,kkt_pglib_opf_case14_ieee_condensed_1,SPD,118,1282,Float64,16,1,0.001376015,0.000418178,0.000416953,0.000708094,0.001349841,0.000387303,0.000410475,0.000659111,1027,15193.0,33,1.4669401778060025e-6,5,ok,Quadro GV100,0.1.0,8a452f0+dirty,2026-10-09
sds,cholesky_nrhs16,T12,kkt_pglib_opf_case14_ieee_condensed_10,SPD,118,1282,Float64,16,1,0.00138583,0.000419815,0.000419469,0.000706337,0.001380185,0.000400278,0.000413485,0.000672063,1027,15193.0,33,0.0001433207307265809,5,ok,Quadro GV100,0.1.0,8a452f0+dirty,2026-10-09
sds,cholesky_nrhs16,T12,kkt_pglib_opf_case14_ieee_condensed_11,SPD,118,1282,Float64,16,1,0.001458948,0.000407039,0.000403371,0.000711212,0.00138564,0.000402325,0.00038875,0.000672666,1027,15193.0,33,2.287471322954381e-5,5,ok,Quadro GV100,0.1.0,8a452f0+dirty,2026-10-09
sds,cholesky_nrhs16,T12,kkt_pglib_opf_case78484_epigrids_condensed_1,SPD,674562,7936414,Float64,16,1,11.892419375,0.167209264,0.167160728,0.051685954,11.733826689,0.167140135,0.167045172,0.051639447,13229878,1.460147624e9,92878,0.17490474662872965,5,ok,Quadro GV100,0.1.0,8a452f0+dirty,2026-10-09
sds,cholesky_nrhs16,T12,kkt_pglib_opf_case78484_epigrids_condensed_10,SPD,674562,7936414,Float64,16,1,11.698498546,0.166664854,0.166806857,0.05166284,11.66376224,0.166658107,0.166643254,0.051558498,13229878,1.460147624e9,92878,0.014838990900026515,5,ok,Quadro GV100,0.1.0,8a452f0+dirty,2026-10-09
sds,cholesky_nrhs16,T12,lap2d_300,SPD,90000,448800,Float64,16,1,0.787440591,0.033648477,0.033636843,0.009992964,0.782363099,0.033614452,0.033627881,0.009985229,2465905,3.73611053e8,20495,1.7551365679010265e-12,5,ok,Quadro GV100,0.1.0,8a452f0+dirty,2026-10-09
sds,cholesky_nrhs16,T12,lap3d_40,SPD,64000,438400,Float64,16,1,0.903641034,0.302850684,0.302790275,0.022929803,0.900641179,0.302766952,0.302723608,0.022915374,14387160,1.6401480134e10,11066,6.393126409263393e-14,5,ok,Quadro GV100,0.1.0,8a452f0+dirty,2026-10-09
sds,ldlt,T15,Boeing/bcsstk38,S,8032,355460,Float64,1,1,0.139457403,0.047137904,0.047139377,0.002793786,0.138141835,0.047120499,0.047119263,0.002790434,804613,1.40793119e8,604,1.7711758486535893e-10,5,ok,Quadro GV100,0.1.0,8a452f0+dirty,2026-10-09
sds,ldlt,T15,GHS_psdef/apache2,S,715176,4817870,Float64,1,1,13.327237068,1.881395037,1.872439185,0.108333181,13.190786188,1.870593545,1.871694284,0.1077258,129200941,1.66491403722e11,123689,1.4199000161870498e-10,5,ok,Quadro GV100,0.1.0,8a452f0+dirty,2026-10-09
sds,ldlt,T15,HB/bcsstk17,S,10974,428650,Float64,1,1,0.168992591,0.056597524,0.056540523,0.005181688,0.167982066,0.056578628,0.056522948,0.005169287,1043601,1.6795197e8,1300,4.1559816576559667e-11,5,ok,Quadro GV100,0.1.0,8a452f0+dirty,2026-10-09
sds,ldlt,T15,kkt_pglib_opf_case118_ieee_condensed_1,S,1088,12860,Float64,1,1,0.011421366,0.002674556,0.002652751,0.001280267,0.01138793,0.002661307,0.002647014,0.001204064,11634,219042.0,303,0.00011067414872254996,5,ok,Quadro GV100,0.1.0,8a452f0+dirty,2026-10-09
sds,ldlt,T15,kkt_pglib_opf_case118_ieee_condensed_10,S,1088,12860,Float64,1,1,0.011423965,0.002596075,0.002564408,0.001368159,0.011420599,0.002586818,0.002561249,0.001289981,11634,219042.0,303,1.0098509199371433e-5,5,ok,Quadro GV100,0.1.0,8a452f0+dirty,2026-10-09
sds,ldlt,T15,kkt_pglib_opf_case118_ieee_condensed_20,S,1088,12860,Float64,1,1,0.011412615,0.002670909,0.002640223,0.001301021,0.011384109,0.002663594,0.002633847,0.001232991,11634,219042.0,303,0.03653673168373129,5,ok,Quadro GV100,0.1.0,8a452f0+dirty,2026-10-09
sds,ldlt,T15,kkt_pglib_opf_case118_ieee_k2_1,S,3185,17819,Float64,1,1,0.133685016,0.00266032,0.002630395,0.001578266,0.133536942,0.002644116,0.002621213,0.001468907,21110,309387.0,1949,1.0497379713880406,5,ok,Quadro GV100,0.1.0,8a452f0+dirty,2026-10-09
sds,ldlt,T15,kkt_pglib_opf_case118_ieee_k2_10,S,3185,17819,Float64,1,1,0.137365589,0.002592005,0.002564113,0.00161094,0.136904767,0.00258784,0.002553468,0.001504504,20620,293225.0,1933,0.007367428249487967,5,ok,Quadro GV100,0.1.0,8a452f0+dirty,2026-10-09
sds,ldlt,T15,kkt_pglib_opf_case118_ieee_k2_20,S,3185,17819,Float64,1,1,0.13411635,0.002556855,0.002526008,0.001561675,0.133741871,0.00255262,0.002517668,0.001532335,20585,291971.0,1921,0.02377509361760076,5,ok,Quadro GV100,0.1.0,8a452f0+dirty,2026-10-09
sds,ldlt,T15,kkt_pglib_opf_case1354_pegase_condensed_1,S,11192,136724,Float64,1,1,0.127104329,0.010269646,0.010228912,0.001709178,0.126999441,0.010254498,0.010222402,0.001652775,120598,2.787739e6,3134,0.00031260415821256834,5,ok,Quadro GV100,0.1.0,8a452f0+dirty,2026-10-09
sds,ldlt,T15,kkt_pglib_opf_case1354_pegase_condensed_10,S,11192,136724,Float64,1,1,0.128279613,0.010400772,0.010359449,0.001773729,0.128012578,0.010398937,0.010350482,0.001699094,120598,2.787739e6,3134,0.00010962331529376899,5,ok,Quadro GV100,0.1.0,8a452f0+dirty,2026-10-09
sds,ldlt,T15,kkt_pglib_opf_case1354_pegase_condensed_20,S,11192,136724,Float64,1,1,0.128346992,0.010427674,0.010389245,0.001728075,0.127559529,0.010418853,0.010372195,0.001645416,120598,2.787739e6,3134,5.61855767764813e-5,5,ok,Quadro GV100,0.1.0,8a452f0+dirty,2026-10-09
sds,ldlt,T15,kkt_pglib_opf_case1354_pegase_k2_1,S,33811,188063,Float64,1,1,2.300845163,0.010397631,0.010301982,0.002352618,2.271566288,0.010327289,0.010282605,0.002269306,215953,3.404739e6,19624,16.86505375658475,5,ok,Quadro GV100,0.1.0,8a452f0+dirty,2026-10-09
sds,ldlt,T15,kkt_pglib_opf_case1354_pegase_k2_10,S,33811,188063,Float64,1,1,2.369604452,0.009474101,0.009444524,0.002189766,2.362094908,0.009421863,0.009430605,0.001950363,220146,3.494638e6,19496,29.592568263683376,5,ok,Quadro GV100,0.1.0,8a452f0+dirty,2026-10-09
sds,ldlt,T15,kkt_pglib_opf_case1354_pegase_k2_20,S,33811,188063,Float64,1,1,2.386248679,0.010141572,0.010061586,0.002216623,2.380943219,0.010110682,0.010036939,0.002104045,221265,3.589937e6,19586,27.464961108569845,5,ok,Quadro GV100,0.1.0,8a452f0+dirty,2026-10-09
sds,ldlt,T15,kkt_pglib_opf_case14_ieee_condensed_1,S,118,1282,Float64,1,1,0.001531721,0.000631503,0.00062755,0.000696176,0.001519781,0.000626687,0.000618583,0.000670879,1027,15193.0,33,8.584792622513327e-7,5,ok,Quadro GV100,0.1.0,8a452f0+dirty,2026-10-09
sds,ldlt,T15,kkt_pglib_opf_case14_ieee_condensed_10,S,118,1282,Float64,1,1,0.001514594,0.000637155,0.000631808,0.000692245,0.001508239,0.000629796,0.000626565,0.000666878,1027,15193.0,33,1.8227592930364502e-5,5,ok,Quadro GV100,0.1.0,8a452f0+dirty,2026-10-09
sds,ldlt,T15,kkt_pglib_opf_case14_ieee_condensed_11,S,118,1282,Float64,1,1,0.001514208,0.000641183,0.000637945,0.000669331,0.001503039,0.000637011,0.000634373,0.000628424,1027,15193.0,33,7.285134631994358e-6,5,ok,Quadro GV100,0.1.0,8a452f0+dirty,2026-10-09
sds,ldlt,T15,kkt_pglib_opf_case14_ieee_k2_1,S,347,1933,Float64,1,1,0.007260417,0.000956653,0.000959676,0.001031235,0.00716654,0.000952119,0.000948519,0.000960213,2147,26857.0,191,7.56501219709915e-8,5,ok,Quadro GV100,0.1.0,8a452f0+dirty,2026-10-09
sds,ldlt,T15,kkt_pglib_opf_case14_ieee_k2_10,S,347,1933,Float64,1,1,0.007231382,0.000965322,0.000952053,0.000976629,0.007172865,0.000956793,0.000939512,0.00091597,2162,27300.0,190,4.358854013999979e-5,5,ok,Quadro GV100,0.1.0,8a452f0+dirty,2026-10-09
sds,ldlt,T15,kkt_pglib_opf_case14_ieee_k2_15,S,347,1933,Float64,1,1,0.005622011,0.001581089,0.00157055,0.001126502,0.005548268,0.001575894,0.001562471,0.001062511,3228,55307.0,93,0.12291892791595775,5,ok,Quadro GV100,0.1.0,8a452f0+dirty,2026-10-09
sds,ldlt,T15,kkt_pglib_opf_case78484_epigrids_condensed_1,S,674562,7936414,Float64,1,1,12.145061869,0.534500019,0.534510309,0.020120094,12.051618741,0.534268912,0.534088957,0.019999071,13229878,1.460147624e9,92878,0.11446907429950352,5,ok,Quadro GV100,0.1.0,8a452f0+dirty,2026-10-09
sds,ldlt,T15,kkt_pglib_opf_case78484_epigrids_condensed_10,S,674562,7936414,Float64,1,1,11.354121783,0.509691604,0.509470361,0.020163244,11.25643297,0.509224644,0.508852129,0.020118776,13229878,1.460147624e9,92878,0.01211048724463874,5,ok,Quadro GV100,0.1.0,8a452f0+dirty,2026-10-09
sds,ldlt,T15,kkt_pglib_opf_case78484_epigrids_k2_1,S,2091669,11770277,Float64,1,1,544.184425544,2.291313762,2.262621671,0.081347085,544.184425544,2.291313762,2.262621671,0.081347085,27679254,3.483284013e9,1065590,19024.91260700019,5,ok,Quadro GV100,0.1.0,8a452f0+dirty,2026-10-09
sds,ldlt,T15,kkt_pglib_opf_case78484_epigrids_k2_10,S,2091669,11770277,Float64,1,1,568.522920264,2.245916307,2.227702107,0.078953366,568.522920264,2.245916307,2.227702107,0.078953366,26981678,3.321955977e9,1072441,8076.652504677691,5,ok,Quadro GV100,0.1.0,8a452f0+dirty,2026-10-09
sds,ldlt,T15,lap2d_300,S,90000,448800,Float64,1,1,0.80661722,0.049958339,0.049892496,0.005941042,0.798079976,0.049859193,0.049857334,0.005927889,2465905,3.73611053e8,20495,1.5831401088970504e-12,5,ok,Quadro GV100,0.1.0,8a452f0+dirty,2026-10-09
sds,ldlt,T15,lap3d_40,S,64000,438400,Float64,1,1,0.925215039,0.514851877,0.514736208,0.023231701,0.920230895,0.514688701,0.514690942,0.023095141,14387160,1.6401480134e10,11066,6.268221293995084e-14,5,ok,Quadro GV100,0.1.0,8a452f0+dirty,2026-10-09
sds,ldlt_ir2,T16,kkt_pglib_opf_case118_ieee_k2_1,S,3185,17819,Float64,1,1,0.132679524,0.002628153,0.002593405,0.007544311,0.132625342,0.002616599,0.002586111,0.007301088,21110,309387.0,1949,1.723074193830837e-8,5,ok,Quadro GV100,0.1.0,8a452f0+dirty,2026-10-09
sds,ldlt_ir2,T16,kkt_pglib_opf_case118_ieee_k2_10,S,3185,17819,Float64,1,1,0.137503414,0.002554394,0.002524221,0.007400224,0.135772307,0.002550376,0.002515114,0.007196744,20620,293225.0,1933,6.7640064199324e-10,5,ok,Quadro GV100,0.1.0,8a452f0+dirty,2026-10-09
sds,ldlt_ir2,T16,kkt_pglib_opf_case118_ieee_k2_20,S,3185,17819,Float64,1,1,0.132286468,0.002520172,0.002481883,0.007605299,0.132224939,0.002519115,0.002474888,0.007442212,20585,291971.0,1921,1.2947291252892672e-9,5,ok,Quadro GV100,0.1.0,8a452f0+dirty,2026-10-09
sds,ldlt_ir2,T16,kkt_pglib_opf_case1354_pegase_k2_1,S,33811,188063,Float64,1,1,2.217442237,0.010325673,0.010275411,0.043186849,2.216077417,0.010299914,0.010265082,0.042635247,215953,3.404739e6,19624,0.017750159885650485,5,ok,Quadro GV100,0.1.0,8a452f0+dirty,2026-10-09
sds,ldlt_ir2,T16,kkt_pglib_opf_case1354_pegase_k2_10,S,33811,188063,Float64,1,1,2.345685202,0.009508835,0.009410134,0.042545104,2.325695495,0.009462429,0.009398681,0.041881617,220146,3.494638e6,19496,0.6570472496657765,5,ok,Quadro GV100,0.1.0,8a452f0+dirty,2026-10-09
sds,ldlt_ir2,T16,kkt_pglib_opf_case1354_pegase_k2_20,S,33811,188063,Float64,1,1,2.355560707,0.010064501,0.010030353,0.044761543,2.339760716,0.010059975,0.009999677,0.042352261,221265,3.589937e6,19586,0.06828417335155713,5,ok,Quadro GV100,0.1.0,8a452f0+dirty,2026-10-09
sds,ldlt_ir2,T16,kkt_pglib_opf_case14_ieee_k2_1,S,347,1933,Float64,1,1,0.006885796,0.000933718,0.000920403,0.003208788,0.006850033,0.000928613,0.000916952,0.002877138,2147,26857.0,191,5.982293844014453e-13,5,ok,Quadro GV100,0.1.0,8a452f0+dirty,2026-10-09
sds,ldlt_ir2,T16,kkt_pglib_opf_case14_ieee_k2_10,S,347,1933,Float64,1,1,0.007224579,0.000943056,0.000925405,0.003232148,0.006991115,0.000941702,0.000920709,0.003150655,2162,27300.0,190,3.1228109103936516e-14,5,ok,Quadro GV100,0.1.0,8a452f0+dirty,2026-10-09
sds,ldlt_ir2,T16,kkt_pglib_opf_case14_ieee_k2_15,S,347,1933,Float64,1,1,0.005472133,0.001564496,0.001532793,0.003583936,0.005470145,0.001556246,0.0015256,0.003416448,3228,55307.0,93,1.7748050109314768e-9,5,ok,Quadro GV100,0.1.0,8a452f0+dirty,2026-10-09
sds,ldlt_ir2,T16,kkt_pglib_opf_case78484_epigrids_k2_1,S,2091669,11770277,Float64,1,1,492.543342475,2.288080771,2.266092572,6.179852167,492.543342475,2.288080771,2.266092572,6.179852167,27679254,3.483284013e9,1065590,413210.59402041807,5,ok,Quadro GV100,0.1.0,8a452f0+dirty,2026-10-09
sds,ldlt_ir2,T16,kkt_pglib_opf_case78484_epigrids_k2_10,S,2091669,11770277,Float64,1,1,560.895980505,2.257807617,2.233202878,6.055435734,560.895980505,2.257807617,2.233202878,6.055435734,26981678,3.321955977e9,1072441,198838.2851063324,5,ok,Quadro GV100,0.1.0,8a452f0+dirty,2026-10-09
sds,ubatch8,T17,kkt_pglib_opf_case118_ieee_condensed_1,SPD,1088,12860,Float64,1,8,0.010716307,0.001166713,0.001138332,0.001222882,0.010696689,0.00116102,0.001133994,0.001187076,11634,219042.0,303,0.00010104375340815254,5,ok,Quadro GV100,0.1.0,8a452f0+dirty,2026-10-09
sds,ubatch8,T17,kkt_pglib_opf_case118_ieee_condensed_10,SPD,1088,12860,Float64,1,8,0.010698793,0.001146504,0.00111887,0.001265265,0.010679513,0.001145161,0.001117142,0.001166747,11634,219042.0,303,1.0349938409324512e-5,5,ok,Quadro GV100,0.1.0,8a452f0+dirty,2026-10-09
sds,ubatch8,T17,kkt_pglib_opf_case118_ieee_condensed_20,SPD,1088,12860,Float64,1,8,0.01068926,0.001147693,0.001127314,0.001300959,0.010674193,0.001141381,0.001109532,0.001194165,11634,219042.0,303,0.049543485447857034,5,ok,Quadro GV100,0.1.0,8a452f0+dirty,2026-10-09
sds,ubatch8,T17,kkt_pglib_opf_case1354_pegase_condensed_1,SPD,11192,136724,Float64,1,8,0.121963246,0.0048112,0.004763052,0.001756736,0.121538005,0.004796032,0.004756466,0.001713231,120598,2.787739e6,3134,0.0002731547182023334,5,ok,Quadro GV100,0.1.0,8a452f0+dirty,2026-10-09
sds,ubatch8,T17,kkt_pglib_opf_case1354_pegase_condensed_10,SPD,11192,136724,Float64,1,8,0.120205725,0.004735406,0.004699771,0.001738534,0.120189917,0.004723772,0.004688649,0.00171778,120598,2.787739e6,3134,0.00010385635197390319,5,ok,Quadro GV100,0.1.0,8a452f0+dirty,2026-10-09
sds,ubatch8,T17,kkt_pglib_opf_case1354_pegase_condensed_20,SPD,11192,136724,Float64,1,8,0.121103624,0.004736976,0.00470779,0.001722145,0.120870034,0.004725836,0.004691405,0.001702469,120598,2.787739e6,3134,5.426740935200775e-5,5,ok,Quadro GV100,0.1.0,8a452f0+dirty,2026-10-09
sds,ubatch8,T17,kkt_pglib_opf_case14_ieee_condensed_1,SPD,118,1282,Float64,1,8,0.001370376,0.000399645,0.000364177,0.000627066,0.001355017,0.000382537,0.000352477,0.000592023,1027,15193.0,33,9.02775987371821e-7,5,ok,Quadro GV100,0.1.0,8a452f0+dirty,2026-10-09
sds,ubatch8,T17,kkt_pglib_opf_case14_ieee_condensed_10,SPD,118,1282,Float64,1,8,0.00137079,0.000391975,0.000397682,0.000633156,0.001356803,0.000361839,0.000341036,0.000623391,1027,15193.0,33,3.967768497890147e-5,5,ok,Quadro GV100,0.1.0,8a452f0+dirty,2026-10-09
sds,ubatch8,T17,kkt_pglib_opf_case14_ieee_condensed_11,SPD,118,1282,Float64,1,8,0.001442404,0.000375451,0.000371205,0.000642504,0.001400478,0.000352169,0.000350836,0.000602103,1027,15193.0,33,7.957223897687373e-6,5,ok,Quadro GV100,0.1.0,8a452f0+dirty,2026-10-09
sds,ubatch8,T17,kkt_pglib_opf_case78484_epigrids_condensed_1,SPD,674562,7936414,Float64,1,8,10.564337059,0.282249885,0.28221379,0.066586488,10.474850407,0.282239832,0.282126906,0.06654996,13229878,1.460147624e9,92878,0.1347119787622275,5,ok,Quadro GV100,0.1.0,8a452f0+dirty,2026-10-09
sds,ubatch8,T17,kkt_pglib_opf_case78484_epigrids_condensed_10,SPD,674562,7936414,Float64,1,8,10.632434292,0.279080556,0.279054825,0.066697878,10.385429998,0.278939789,0.278737639,0.066527344,13229878,1.460147624e9,92878,0.014872275311897479,5,ok,Quadro GV100,0.1.0,8a452f0+dirty,2026-10-09
sds,lu,T19,Rajat/rajat21,G,411676,1893370,Float64,1,1,4.860309426,0.645647935,0.645649068,0.03265029,4.83578451,0.645467356,0.645074514,0.032612655,2368670,3.30845977e8,293600,2897.502934900568,5,ok,Quadro GV100,0.1.0,8a452f0+dirty,2026-10-09
sds,lu,T19,TSOPF/TSOPF_RS_b39_c7,G,14098,252446,Float64,1,1,0.223003767,0.028148503,0.028094018,0.008016142,0.222681504,0.028136391,0.028082958,0.007706749,521509,2.960869e7,1463,20.31996632124525,5,ok,Quadro GV100,0.1.0,8a452f0+dirty,2026-10-09
sds,schur,T20,kkt_pglib_opf_case118_ieee_condensed_1,SPD,1088,12860,Float64,1,1,0.011604986,0.00156573,0.001498207,0.000754075,0.010698601,0.001507169,0.001490625,0.000725448,18509,856762.0,286,,5,ok,Quadro GV100,0.1.0,8a452f0+dirty,2026-10-09
sds,schur,T20,kkt_pglib_opf_case118_ieee_condensed_10,SPD,1088,12860,Float64,1,1,0.011826993,0.001579681,0.00151887,0.000734836,0.010924512,0.001489812,0.001506284,0.000642146,18509,856762.0,286,,5,ok,Quadro GV100,0.1.0,8a452f0+dirty,2026-10-09
sds,schur,T20,kkt_pglib_opf_case118_ieee_condensed_20,SPD,1088,12860,Float64,1,1,0.011747004,0.001497446,0.001478163,0.000675327,0.011252922,0.001487535,0.001476533,0.000632345,18509,856762.0,286,,5,ok,Quadro GV100,0.1.0,8a452f0+dirty,2026-10-09
sds,schur,T20,kkt_pglib_opf_case1354_pegase_condensed_1,SPD,11192,136724,Float64,1,1,0.129011332,0.004857331,0.004832757,0.001007342,0.12876364,0.004850741,0.004829855,0.000914209,130659,3.880025e6,3038,,5,ok,Quadro GV100,0.1.0,8a452f0+dirty,2026-10-09
sds,schur,T20,kkt_pglib_opf_case1354_pegase_condensed_10,SPD,11192,136724,Float64,1,1,0.128199323,0.004834117,0.004805071,0.000972504,0.128010646,0.004830641,0.004795837,0.000932209,130659,3.880025e6,3038,,5,ok,Quadro GV100,0.1.0,8a452f0+dirty,2026-10-09
sds,schur,T20,kkt_pglib_opf_case1354_pegase_condensed_20,SPD,11192,136724,Float64,1,1,0.128033181,0.004844143,0.004802303,0.001009712,0.127918414,0.004818055,0.004799913,0.00094076,130659,3.880025e6,3038,,5,ok,Quadro GV100,0.1.0,8a452f0+dirty,2026-10-09
sds,schur,T20,kkt_pglib_opf_case14_ieee_condensed_1,SPD,118,1282,Float64,1,1,0.001614949,0.000503574,0.000464102,0.000405355,0.001611919,0.000494729,0.000432404,0.000383044,1295,26710.0,41,,5,ok,Quadro GV100,0.1.0,8a452f0+dirty,2026-10-09
sds,schur,T20,kkt_pglib_opf_case14_ieee_condensed_10,SPD,118,1282,Float64,1,1,0.001960494,0.000691014,0.00053343,0.000441382,0.001729352,0.000603785,0.000488116,0.000384475,1295,26710.0,41,,5,ok,Quadro GV100,0.1.0,8a452f0+dirty,2026-10-09
sds,schur,T20,kkt_pglib_opf_case14_ieee_condensed_11,SPD,118,1282,Float64,1,1,0.002011787,0.000544964,0.000507617,0.000435057,0.001684258,0.000500984,0.000483771,0.000388337,1295,26710.0,41,,5,ok,Quadro GV100,0.1.0,8a452f0+dirty,2026-10-09
sds,schur,T20,kkt_pglib_opf_case78484_epigrids_condensed_1,SPD,674562,7936414,Float64,1,1,12.410262259,0.166091555,0.165967174,0.009708475,11.539297014,0.16602199,0.165819877,0.009605366,13412152,1.574393366e9,92880,,5,ok,Quadro GV100,0.1.0,8a452f0+dirty,2026-10-09
sds,schur,T20,kkt_pglib_opf_case78484_epigrids_condensed_10,SPD,674562,7936414,Float64,1,1,11.905122141,0.165490362,0.165426999,0.009590388,11.05688113,0.165409286,0.165333068,0.009542288,13412152,1.574393366e9,92880,,5,ok,Quadro GV100,0.1.0,8a452f0+dirty,2026-10-09
sds,ldlt_matching,T21,kkt_pglib_opf_case118_ieee_k2_1,S,3185,17819,Float64,1,1,0.029965945,0.003377787,0.003359909,0.001807678,0.029688657,0.003371207,0.00333607,0.001794968,36051,804423.0,967,4.3870200453287496e-12,5,ok,Quadro GV100,0.1.0,8a452f0+dirty,2026-10-09
sds,ldlt_matching,T21,kkt_pglib_opf_case118_ieee_k2_10,S,3185,17819,Float64,1,1,0.037866617,0.00315721,0.003075062,0.001655907,0.035025453,0.003123342,0.003066808,0.001605482,34745,736481.0,977,7.390913948749555e-13,5,ok,Quadro GV100,0.1.0,8a452f0+dirty,2026-10-09
sds,ldlt_matching,T21,kkt_pglib_opf_case118_ieee_k2_20,S,3185,17819,Float64,1,1,0.031306893,0.003519754,0.003477257,0.001760432,0.031115294,0.00350784,0.003470681,0.001684608,34416,716465.0,958,4.079528236177513e-13,5,ok,Quadro GV100,0.1.0,8a452f0+dirty,2026-10-09
sds,ldlt_matching,T21,kkt_pglib_opf_case1354_pegase_k2_1,S,33811,188063,Float64,1,1,0.349380411,0.016041513,0.015998054,0.002529232,0.348727966,0.016020456,0.015986305,0.002490666,368439,9.653775e6,10107,0.0003105473373811897,5,ok,Quadro GV100,0.1.0,8a452f0+dirty,2026-10-09
sds,ldlt_matching,T21,kkt_pglib_opf_case1354_pegase_k2_10,S,33811,188063,Float64,1,1,0.37401418,0.014774064,0.0147168,0.002481575,0.372274754,0.014746512,0.014702448,0.002389407,365264,9.232339e6,10005,0.0005767412534663728,5,ok,Quadro GV100,0.1.0,8a452f0+dirty,2026-10-09
sds,ldlt_matching,T21,kkt_pglib_opf_case1354_pegase_k2_20,S,33811,188063,Float64,1,1,0.418816669,0.014762478,0.014709024,0.002255933,0.397828064,0.014728176,0.014665113,0.00214779,363249,9.027806e6,9985,0.0003938848608988164,5,ok,Quadro GV100,0.1.0,8a452f0+dirty,2026-10-09
sds,ldlt_matching,T21,kkt_pglib_opf_case14_ieee_k2_1,S,347,1933,Float64,1,1,0.004134506,0.001229769,0.00118775,0.000832032,0.003800447,0.001162479,0.001160925,0.000808524,3640,70473.0,94,1.5812450595789091e-12,5,ok,Quadro GV100,0.1.0,8a452f0+dirty,2026-10-09
sds,ldlt_matching,T21,kkt_pglib_opf_case14_ieee_k2_10,S,347,1933,Float64,1,1,0.003948099,0.001044611,0.001021806,0.00081142,0.003627007,0.001025478,0.001011042,0.000690192,3538,67232.0,95,7.092497394976035e-14,5,ok,Quadro GV100,0.1.0,8a452f0+dirty,2026-10-09
sds,ldlt_matching,T21,kkt_pglib_opf_case14_ieee_k2_15,S,347,1933,Float64,1,1,0.004066277,0.001061147,0.001055969,0.00085672,0.003727402,0.001053497,0.001049534,0.000743509,3528,65385.0,94,4.867689420023049e-14,5,ok,Quadro GV100,0.1.0,8a452f0+dirty,2026-10-09
sds,ldlt_matching,T21,kkt_pglib_opf_case78484_epigrids_k2_1,S,2091669,11770277,Float64,1,1,37.085829853,0.714066126,0.684838357,0.0430870005,36.854035493,0.707652829,0.684438613,0.042809795,40788177,5.555490355e9,528760,0.0006120507791675268,5,ok,Quadro GV100,0.1.0,8a452f0+dirty,2026-10-09
sds,ldlt_matching,T21,kkt_pglib_opf_case78484_epigrids_k2_10,S,2091669,11770277,Float64,1,1,42.7278848305,0.759721849,0.726015239,0.0499032055,42.391122382,0.754187903,0.725944949,0.049645292,41287746,5.828056215e9,526392,0.00020452564982090558,5,ok,Quadro GV100,0.1.0,8a452f0+dirty,2026-10-09
