matrix,structure,n,nnz,lnnz,nsuper,a_fronts,subtrees,largest_subtree,b_fronts,c_fronts,groups,nlevels,refac_wall_ms,refac_kernels,refac_copies,refac_busy_ms,refac_top_ms,refac_top_name,refac_top_blocks,solve_wall_ms,solve_kernels,solve_copies,solve_busy_ms,solve_top_ms,solve_top_name,relres
lap2d_300,SPD,90000,448800,2465905,20495,19955,806,262,523,17,46,27,31.44529,202,36,31.295207991206553,3.0834229983156547,subtree_cholesky_kernel,696,3.294863,163,1,2.9057469946565107,0.48890600010054186,solve_fwd_kernel,1.7774016608331202e-12
lap2d_300,S,90000,448800,2465905,20495,19955,806,262,523,17,46,27,220.802131,47,2,220.83750395540847,35.3783639948233,front_ldlt_kernel,2,3.665859,198,1,3.1881720133242197,0.5999050044920295,solve_fwd_kernel,1.6783599803865397e-12
lap3d_40,SPD,64000,438400,14387160,11066,9851,1498,27,1058,157,88,36,223.953453,1222,320,223.2460540253669,6.0352479995344765,_extend_add_kernel,2,16.768692,1429,1,9.254060081730131,0.35596900124801323,trsm_lt_kernel,7.475631434439173e-14
HB/bcsstk17,SPD,10974,428650,1043601,1300,992,815,8,290,18,69,34,27.849983,243,38,27.598129978287034,1.0920340064330958,front_cholesky_kernel,1,3.491351,191,1,3.0197519954526797,0.06867199408588931,solve_fwd_kernel,5.105278871525632e-11
HB/bcsstk17,S,10974,428650,1043601,1300,992,815,8,290,18,69,34,197.960209,70,2,198.0250450433232,31.505417995504104,front_ldlt_kernel,1,3.635751,228,1,3.1704700086265802,0.07036799797788262,solve_fwd_kernel,3.6684981140633515e-11
Boeing/bcsstk38,SPD,8032,355460,804613,604,341,223,7,254,9,59,14,22.660463,143,20,22.270702036621515,1.0720339996623807,front_cholesky_kernel,1,1.884735,96,1,1.5357809970737435,0.07619200187036768,solve_fwd_kernel,8.26086983891215e-11
Boeing/bcsstk38,S,8032,355460,804613,604,341,223,7,254,9,59,14,131.820426,60,2,132.24200403055875,20.83540699823061,front_ldlt_kernel,1,1.945973,115,1,1.5975740971043706,0.07766400085529312,solve_fwd_kernel,1.0597584716249112e-10
GHS_psdef/apache2,SPD,715176,4817870,129200941,123689,112442,15048,30,10493,754,105,35,1029.878895,6608,1570,1024.3736852353322,28.693181993730832,subtree_cholesky_kernel,3287,80.469638,6631,1,55.67874774715165,0.9998429959523492,solve_bwd_kernel,1.5829650410070863e-10
kkt_pglib_opf_case118_ieee_condensed_1,SPD,1088,12860,11634,303,40,40,1,263,0,29,23,0.914522,30,2,0.6628190167248249,0.0606399989919737,front_cholesky_kernel,1,0.726064,48,1,0.38377896999008954,0.020961000700481236,solve_fwd_kernel,0.000152235936716747
kkt_pglib_opf_case118_ieee_condensed_1,S,1088,12860,11634,303,40,40,1,263,0,29,23,1.510877,30,2,1.3022100029047579,0.1856320013757795,front_ldlt_kernel,1,0.769993,49,1,0.41168000461766496,0.022527994588017464,solve_fwd_kernel,9.7765347095072e-5
kkt_pglib_opf_case118_ieee_condensed_10,SPD,1088,12860,11634,303,40,40,1,263,0,29,23,0.880533,30,2,0.6480979936895892,0.060800004575867206,front_cholesky_kernel,1,0.723924,48,1,0.38406903331633657,0.02105600287904963,solve_fwd_kernel,7.797050029651081e-6
kkt_pglib_opf_case118_ieee_condensed_10,S,1088,12860,11634,303,40,40,1,263,0,29,23,1.472488,30,2,1.660386027651839,0.4418900061864406,front_ldlt_kernel,1,0.808113,49,1,0.411361972510349,0.022303996956907213,solve_fwd_kernel,1.0320953105576168e-5
kkt_pglib_opf_case118_ieee_condensed_20,SPD,1088,12860,11634,303,40,40,1,263,0,29,23,0.875772,30,2,0.6487719729193486,0.06060799933038652,front_cholesky_kernel,1,0.743034,48,1,0.38307700015138835,0.02105600287904963,solve_fwd_kernel,0.0801795774065569
kkt_pglib_opf_case118_ieee_condensed_20,S,1088,12860,11634,303,40,40,1,263,0,29,23,1.569247,30,2,1.3665969818248414,0.1975370032596402,front_ldlt_kernel,1,0.763124,49,1,0.4106239939574152,0.022079999325796962,solve_fwd_kernel,0.07316220446962236
kkt_pglib_opf_case118_ieee_k2_1,S,3150,17714,21032,1917,1312,480,8,605,0,28,31,1.453888,29,2,1.2296700006118044,0.11494399950606748,front_ldlt_kernel,1,0.882853,59,1,0.454590015579015,0.022976004402153194,solve_fwd_kernel,0.3310520998820626
kkt_pglib_opf_case118_ieee_k2_10,S,3150,17714,20542,1906,1302,477,8,604,0,28,31,1.342209,29,2,1.1530609626788646,0.10304099851055071,front_ldlt_kernel,1,0.899903,59,1,0.45564699394162744,0.021536005078814924,solve_fwd_kernel,0.012613239140897684
kkt_pglib_opf_case118_ieee_k2_20,S,3150,17714,20507,1889,1288,474,8,601,0,28,31,1.336359,29,2,1.148035989899654,0.10806499631144106,front_ldlt_kernel,1,0.885523,59,1,0.4536690321401693,0.0208000055863522,solve_fwd_kernel,0.0325397117574032
kkt_pglib_opf_case1354_pegase_condensed_1,SPD,11192,136724,120598,3134,1719,544,18,1415,0,58,39,2.931405,59,2,2.687277054064907,0.3060490053030662,front_cholesky_kernel,1,1.123841,62,1,0.9010280191432685,0.04396800068207085,solve_fwd_kernel,0.0002922762851143221
kkt_pglib_opf_case1354_pegase_condensed_1,S,11192,136724,120598,3134,1719,544,18,1415,0,58,39,9.664206,59,2,9.863708000921179,1.7467569996370003,front_ldlt_kernel,1,1.24403,63,1,0.9552019982947968,0.04595199425239116,solve_fwd_kernel,0.00028641285196672524
kkt_pglib_opf_case1354_pegase_condensed_10,SPD,11192,136724,120598,3134,1719,544,18,1415,0,58,39,2.915935,59,2,2.6555930089671165,0.30630500259576365,front_cholesky_kernel,1,1.209319,62,1,0.899747981748078,0.04396800068207085,solve_fwd_kernel,9.90395905078389e-5
kkt_pglib_opf_case1354_pegase_condensed_10,S,11192,136724,120598,3134,1719,544,18,1415,0,58,39,9.68094,59,2,9.450581004784908,0.9588500033714809,front_ldlt_kernel,1,1.20882,63,1,0.954018032643944,0.04604800051311031,solve_fwd_kernel,0.00010154295478790375
kkt_pglib_opf_case1354_pegase_condensed_20,SPD,11192,136724,120598,3134,1719,544,18,1415,0,58,39,2.920785,59,2,2.6292209440725856,0.30598499870393425,front_cholesky_kernel,1,1.140891,62,1,0.9003860104712658,0.043807995098177344,solve_fwd_kernel,5.2680720800196e-5
kkt_pglib_opf_case1354_pegase_condensed_20,S,11192,136724,120598,3134,1719,544,18,1415,0,58,39,9.799626,59,2,9.55247203091858,1.0031709971372038,front_ldlt_kernel,1,1.248419,63,1,0.9538879676256329,0.04585600254358724,solve_fwd_kernel,4.977225669383965e-5
kkt_pglib_opf_case1354_pegase_k2_1,S,33811,188063,215953,19624,17466,4207,43,2158,0,57,45,7.18248,58,2,7.405935044516809,0.7182409972301684,front_ldlt_kernel,1,1.450433,85,1,1.0938220075331628,0.11433700274210423,solve_fwd_kernel,19.27417625783232
kkt_pglib_opf_case1354_pegase_k2_10,S,33811,188063,220146,19496,17333,4178,35,2163,0,53,40,6.139348,54,2,5.9121530066477135,0.4744660036521964,front_ldlt_kernel,1,1.311609,73,1,0.9801010019145906,0.09952000254997984,solve_fwd_kernel,70.23442035360941
kkt_pglib_opf_case1354_pegase_k2_20,S,33811,188063,221292,19600,17473,4143,39,2127,0,53,44,7.984944,54,2,7.733236969215795,0.8649939991300926,front_ldlt_kernel,1,1.376158,79,1,1.0511369910091162,0.10255999950459227,solve_fwd_kernel,23.69776716342436
kkt_pglib_opf_case14_ieee_condensed_1,SPD,118,1282,1027,33,0,0,0,33,0,11,11,0.363787,12,2,0.17347301036352292,0.02476800000295043,front_cholesky_kernel,12,0.417837,24,1,0.13132902677170932,0.010367999493610114,solve_fwd_kernel,1.3024460439372e-6
kkt_pglib_opf_case14_ieee_condensed_1,S,118,1282,1027,33,0,0,0,33,0,11,11,0.353667,12,2,0.24371498147957027,0.03344099968671799,front_ldlt_kernel,1,0.444556,25,1,0.14550499327015132,0.011488002201076597,solve_fwd_kernel,1.1657999541762487e-6
kkt_pglib_opf_case14_ieee_condensed_10,SPD,118,1282,1027,33,0,0,0,33,0,11,11,0.339417,12,2,0.1670400088187307,0.022559994249604642,front_cholesky_kernel,2,0.422286,24,1,0.13225700240582228,0.010624004062265158,solve_fwd_kernel,0.00017225756315640304
kkt_pglib_opf_case14_ieee_condensed_10,S,118,1282,1027,33,0,0,0,33,0,11,11,0.425696,12,2,0.25017598090926185,0.03987200034316629,front_ldlt_kernel,1,0.445507,25,1,0.14496200310532004,0.011393000022508204,solve_fwd_kernel,0.00013880687786021974
kkt_pglib_opf_case14_ieee_condensed_11,SPD,118,1282,1027,33,0,0,0,33,0,11,11,0.327367,12,2,0.16668799798935652,0.022528001863975078,front_cholesky_kernel,2,0.392846,24,1,0.13193600898375735,0.010656003723852336,solve_fwd_kernel,1.5565096136251653e-5
kkt_pglib_opf_case14_ieee_condensed_11,S,118,1282,1027,33,0,0,0,33,0,11,11,0.370107,12,2,0.2443189951009117,0.034431999665685,front_ldlt_kernel,1,0.445406,25,1,0.14496197400148958,0.011359996278770268,solve_fwd_kernel,1.1319105246087817e-5
kkt_pglib_opf_case14_ieee_k2_1,S,344,1924,2139,186,39,39,1,147,0,16,16,0.541996,17,2,0.3788810208789073,0.05417600186774507,front_ldlt_kernel,1,0.563405,35,1,0.1965429910342209,0.013056000170763582,solve_fwd_kernel,7.679955110816424e-9
kkt_pglib_opf_case14_ieee_k2_10,S,344,1924,2154,185,38,38,1,147,0,16,16,0.592724,17,2,0.37580700882244855,0.054080002882983536,front_ldlt_kernel,1,0.574685,35,1,0.1967699863598682,0.013536002370528877,solve_fwd_kernel,2.868427965445951e-6
kkt_pglib_opf_case14_ieee_k2_15,S,344,1924,3273,85,3,3,1,82,0,17,16,0.845124,18,2,0.6576340019819327,0.12364800204522908,front_ldlt_kernel,1,0.549785,35,1,0.23103800049284473,0.018432001525070518,solve_fwd_kernel,0.3953790651029023
