solver,feature,task,matrix,structure,n,nnz,T,nrhs,nbatch,analysis_s,factorization_s,refactorization_s,solve_s,analysis_min_s,factorization_min_s,refactorization_min_s,solve_min_s,lu_nnz,flops,nsuperpanels,relres,status,device,version,git_sha,date
sds,cholesky_f64,T13,Boeing/bcsstk38,SPD,8032,355460,Float64,1,1,0.051890449,0.023522257,0.023524246,0.001832231,0.051410469,0.023499855,0.023499882,0.001805962,804613.0,1.40793119e8,604.0,1.050998291749151e-10,ok,NVIDIA GeForce RTX 4080,0.1.0,57e2ea9+dirty,2026-10-02
sds,cholesky_f64,T13,GHS_psdef/apache2,SPD,715176,4817870,Float64,1,1,6.347686767,1.034885809,1.022444483,0.074889794,6.265814823,1.028685823,1.021519372,0.07229964,1.29200941e8,1.66491403722e11,123689.0,1.5829650410070863e-10,ok,NVIDIA GeForce RTX 4080,0.1.0,57e2ea9+dirty,2026-10-02
sds,cholesky_f64,T13,HB/bcsstk17,SPD,10974,428650,Float64,1,1,0.064751431,0.029552157,0.029534024,0.003483474,0.063534974,0.029472688,0.029480481,0.003420696,1.043601e6,1.6795197e8,1300.0,5.332675559338744e-11,ok,NVIDIA GeForce RTX 4080,0.1.0,57e2ea9+dirty,2026-10-02
sds,cholesky_f64,T13,kkt_pglib_opf_case118_ieee_condensed_1,SPD,1088,12860,Float64,1,1,0.004484716,0.003884621,0.003847732,0.0020568,0.004451306,0.003870385,0.003837842,0.00204275,11634.0,219042.0,303.0,0.0001499152129335686,ok,NVIDIA GeForce RTX 4080,0.1.0,57e2ea9+dirty,2026-10-02
sds,cholesky_f64,T13,kkt_pglib_opf_case118_ieee_condensed_10,SPD,1088,12860,Float64,1,1,0.004559915,0.003614689,0.003610814,0.00206538,0.004440866,0.003593344,0.003595084,0.002040329,11634.0,219042.0,303.0,1.0007128179490731e-5,ok,NVIDIA GeForce RTX 4080,0.1.0,57e2ea9+dirty,2026-10-02
sds,cholesky_f64,T13,kkt_pglib_opf_case118_ieee_condensed_20,SPD,1088,12860,Float64,1,1,0.004503516,0.003607394,0.003612954,0.002057379,0.004421135,0.003605835,0.003610514,0.00204536,11634.0,219042.0,303.0,0.0977012881293089,ok,NVIDIA GeForce RTX 4080,0.1.0,57e2ea9+dirty,2026-10-02
sds,cholesky_f64,T13,kkt_pglib_opf_case1354_pegase_condensed_1,SPD,11192,136724,Float64,1,1,0.049476357,0.039592766,0.039240865,0.019515475,0.048071343,0.039285099,0.038925043,0.018733869,120598.0,2.787739e6,3134.0,0.00028169146220954487,ok,NVIDIA GeForce RTX 4080,0.1.0,57e2ea9+dirty,2026-10-02
sds,cholesky_f64,T13,kkt_pglib_opf_case1354_pegase_condensed_10,SPD,11192,136724,Float64,1,1,0.048520826,0.038104691,0.038116421,0.019484666,0.048025465,0.037961449,0.037752569,0.019464316,120598.0,2.787739e6,3134.0,0.00014028077734730922,ok,NVIDIA GeForce RTX 4080,0.1.0,57e2ea9+dirty,2026-10-02
sds,cholesky_f64,T13,kkt_pglib_opf_case1354_pegase_condensed_20,SPD,11192,136724,Float64,1,1,0.049097006,0.03812523,0.03817151,0.019457852,0.04811576,0.037771423,0.037822942,0.019441296,120598.0,2.787739e6,3134.0,7.407112355532926e-5,ok,NVIDIA GeForce RTX 4080,0.1.0,57e2ea9+dirty,2026-10-02
sds,cholesky_f64,T13,kkt_pglib_opf_case14_ieee_condensed_1,SPD,118,1282,Float64,1,1,0.000838792,0.000532905,0.000538805,0.000360116,0.000837712,0.000517615,0.000518015,0.000346416,1027.0,15193.0,33.0,1.6538473403875516e-6,ok,NVIDIA GeForce RTX 4080,0.1.0,57e2ea9+dirty,2026-10-02
sds,cholesky_f64,T13,kkt_pglib_opf_case14_ieee_condensed_10,SPD,118,1282,Float64,1,1,0.0009897,0.000499671,0.000547445,0.000381926,0.000837262,0.000479085,0.000503865,0.000349847,1027.0,15193.0,33.0,0.00015711648509796294,ok,NVIDIA GeForce RTX 4080,0.1.0,57e2ea9+dirty,2026-10-02
sds,cholesky_f64,T13,kkt_pglib_opf_case14_ieee_condensed_11,SPD,118,1282,Float64,1,1,0.001025256,0.000501455,0.000516565,0.000381616,0.000859421,0.000492285,0.000482136,0.000360477,1027.0,15193.0,33.0,1.670170208071547e-5,ok,NVIDIA GeForce RTX 4080,0.1.0,57e2ea9+dirty,2026-10-02
sds,cholesky_f64,T13,lap2d_300,SPD,90000,448800,Float64,1,1,0.356324524,0.03709501,0.03615737,0.0040768,0.347707286,0.0361488,0.036134991,0.004063689,2.465905e6,3.73611053e8,20495.0,1.7764560196707835e-12,ok,NVIDIA GeForce RTX 4080,0.1.0,57e2ea9+dirty,2026-10-02
sds,cholesky_f64,T13,lap3d_40,SPD,64000,438400,Float64,1,1,0.388272207,0.223104535,0.223224558,0.015710183,0.382448009,0.222876644,0.222748794,0.015234358,1.438716e7,1.6401480134e10,11066.0,7.475443780134238e-14,ok,NVIDIA GeForce RTX 4080,0.1.0,57e2ea9+dirty,2026-10-02
sds,cholesky_nrhs16,T12,Boeing/bcsstk38,SPD,8032,355460,Float64,16,1,0.054339099,0.023679715,0.023563756,0.00307347,0.051834841,0.02356229,0.023560454,0.00303231,804613.0,1.40793119e8,604.0,1.6393219803807206e-10,ok,NVIDIA GeForce RTX 4080,0.1.0,57e2ea9+dirty,2026-10-02
sds,cholesky_nrhs16,T12,GHS_psdef/apache2,SPD,715176,4817870,Float64,16,1,6.40980879,1.031297849,1.022314769,0.257484409,6.291268975,1.023068221,1.01851965,0.255450539,1.29200941e8,1.66491403722e11,123689.0,1.5951527990509154e-10,ok,NVIDIA GeForce RTX 4080,0.1.0,57e2ea9+dirty,2026-10-02
sds,cholesky_nrhs16,T12,HB/bcsstk17,SPD,10974,428650,Float64,16,1,0.065047407,0.02977353,0.029801308,0.005647859,0.064181421,0.029584785,0.029579275,0.005614173,1.043601e6,1.6795197e8,1300.0,5.886919577134717e-11,ok,NVIDIA GeForce RTX 4080,0.1.0,57e2ea9+dirty,2026-10-02
sds,cholesky_nrhs16,T12,kkt_pglib_opf_case118_ieee_condensed_1,SPD,1088,12860,Float64,16,1,0.004464125,0.00386795,0.003872062,0.00206542,0.004447716,0.003849352,0.003852162,0.00206108,11634.0,219042.0,303.0,0.0001499152129335686,ok,NVIDIA GeForce RTX 4080,0.1.0,57e2ea9+dirty,2026-10-02
sds,cholesky_nrhs16,T12,kkt_pglib_opf_case118_ieee_condensed_10,SPD,1088,12860,Float64,16,1,0.004659599,0.003608983,0.003600773,0.00205388,0.004447886,0.003579594,0.003580575,0.001837572,11634.0,219042.0,303.0,1.1028908236861046e-5,ok,NVIDIA GeForce RTX 4080,0.1.0,57e2ea9+dirty,2026-10-02
sds,cholesky_nrhs16,T12,kkt_pglib_opf_case118_ieee_condensed_20,SPD,1088,12860,Float64,16,1,0.004493895,0.003619108,0.003610204,0.00208505,0.004446125,0.003596975,0.003587225,0.002054209,11634.0,219042.0,303.0,0.31757187210790866,ok,NVIDIA GeForce RTX 4080,0.1.0,57e2ea9+dirty,2026-10-02
sds,cholesky_nrhs16,T12,kkt_pglib_opf_case1354_pegase_condensed_1,SPD,11192,136724,Float64,16,1,0.049133047,0.039580746,0.03964835,0.019292918,0.048634545,0.039519576,0.039475027,0.019287433,120598.0,2.787739e6,3134.0,0.000392992742458017,ok,NVIDIA GeForce RTX 4080,0.1.0,57e2ea9+dirty,2026-10-02
sds,cholesky_nrhs16,T12,kkt_pglib_opf_case1354_pegase_condensed_10,SPD,11192,136724,Float64,16,1,0.048452598,0.03830791,0.038403078,0.019356272,0.048091242,0.03819067,0.03833151,0.019344493,120598.0,2.787739e6,3134.0,0.00014411152068572583,ok,NVIDIA GeForce RTX 4080,0.1.0,57e2ea9+dirty,2026-10-02
sds,cholesky_nrhs16,T12,kkt_pglib_opf_case1354_pegase_condensed_20,SPD,11192,136724,Float64,16,1,0.049065033,0.03837384,0.038382999,0.019356258,0.047930834,0.038297181,0.038311504,0.019348957,120598.0,2.787739e6,3134.0,9.671929703062016e-5,ok,NVIDIA GeForce RTX 4080,0.1.0,57e2ea9+dirty,2026-10-02
sds,cholesky_nrhs16,T12,kkt_pglib_opf_case14_ieee_condensed_1,SPD,118,1282,Float64,16,1,0.000858501,0.000516995,0.000545935,0.000404966,0.000834382,0.000513445,0.000510625,0.000393276,1027.0,15193.0,33.0,2.709170129303515e-6,ok,NVIDIA GeForce RTX 4080,0.1.0,57e2ea9+dirty,2026-10-02
sds,cholesky_nrhs16,T12,kkt_pglib_opf_case14_ieee_condensed_10,SPD,118,1282,Float64,16,1,0.000868732,0.000494035,0.000486415,0.000402116,0.000855792,0.000486355,0.000482685,0.000389536,1027.0,15193.0,33.0,0.00045426768909551265,ok,NVIDIA GeForce RTX 4080,0.1.0,57e2ea9+dirty,2026-10-02
sds,cholesky_nrhs16,T12,kkt_pglib_opf_case14_ieee_condensed_11,SPD,118,1282,Float64,16,1,0.000888871,0.000509215,0.000494545,0.000424136,0.000842331,0.000485426,0.000482595,0.000391186,1027.0,15193.0,33.0,3.7141469401124885e-5,ok,NVIDIA GeForce RTX 4080,0.1.0,57e2ea9+dirty,2026-10-02
sds,cholesky_nrhs16,T12,lap2d_300,SPD,90000,448800,Float64,16,1,0.323934096,0.036517037,0.036480822,0.009221548,0.320688974,0.036465757,0.036467707,0.009073139,2.465905e6,3.73611053e8,20495.0,1.7990179771326481e-12,ok,NVIDIA GeForce RTX 4080,0.1.0,57e2ea9+dirty,2026-10-02
sds,cholesky_nrhs16,T12,lap3d_40,SPD,64000,438400,Float64,16,1,0.389936991,0.224155468,0.224043848,0.04919011,0.38503067,0.223895532,0.223768059,0.049077322,1.438716e7,1.6401480134e10,11066.0,8.454273789194102e-14,ok,NVIDIA GeForce RTX 4080,0.1.0,57e2ea9+dirty,2026-10-02
